{
  "hypothesis": "Nanostructured Lipid Carrier (NLC) of Upadacitinib to mitigate Acneiform Eruption in Atopic Dermatitis.",
  "validation_status": "needs_review",
  "irf_score": 0.7667885459293248,
  "aats_psi": 0.356265909127822,
  "consensus": false,
  "theory": "Theory(id='theory_645', embedding=array([0.56252049, 0.17642203, 0.24492675, 0.2279929 , 0.22966202,\n       0.69837773]), distribution=array([0.0202391 , 0.22518421, 0.03126378, 0.02615023, 0.52705231,\n       0.17011036]), symbolic_form=None, causal_graph=None, complexity=3, is_consistent=True, fitness=0.75, target_node=None)",
  "irf_components": {
    "global_score": 0.7667885459293248,
    "passed": false,
    "components": {
      "M": 0.75,
      "A": 0.7,
      "D": 0.9,
      "I": 0.72,
      "F": 0.78,
      "P": 0.76
    },
    "rounded_scores": {
      "M": 8,
      "A": 7,
      "D": 9,
      "I": 7,
      "F": 8,
      "P": 8
    },
    "reasoning": []
  }
}