{
  "hypothesis": "Liposomal Gel of Upadacitinib to mitigate Acneiform Eruption in Atopic Dermatitis.",
  "validation_status": "validated",
  "irf_score": 0.7667885459293248,
  "aats_psi": 0.8006057113885865,
  "consensus": true,
  "theory": "Theory(id='theory_3796', embedding=array([0.45863229, 0.22755128, 0.70509095, 0.28423198, 0.1271798 ,\n       0.37915837]), distribution=array([0.03627099, 0.16447036, 0.19447518, 0.2756266 , 0.10298237,\n       0.2261745 ]), symbolic_form=None, causal_graph=None, complexity=3, is_consistent=True, fitness=0.75, target_node=None)",
  "irf_components": {
    "global_score": 0.7667885459293248,
    "passed": false,
    "components": {
      "M": 0.75,
      "A": 0.7,
      "D": 0.9,
      "I": 0.72,
      "F": 0.78,
      "P": 0.76
    },
    "rounded_scores": {
      "M": 8,
      "A": 7,
      "D": 9,
      "I": 7,
      "F": 8,
      "P": 8
    },
    "reasoning": []
  }
}